{
  "controller/App.controller.js.map": 1712756829955,
  "controller/View1.controller.js": 1712754576071,
  "model/models.js": 1712754576059,
  "controller/App.controller.js": 1712754576059,
  "manifest.json": 1712756829681,
  "Component.js": 1712754576051,
  "controller/App-dbg.controller.js": 1712754576059,
  "i18n/i18n.properties": 1712754576055,
  "model/models-dbg.js": 1712754576059,
  "model/models.js.map": 1712756829993,
  "controller/View1-dbg.controller.js": 1712754576071,
  "controller/View1.controller.js.map": 1712756829957,
  "Component-dbg.js": 1712754576051,
  "Component.js.map": 1712756829958,
  "Component-preload.js": 1712756830220,
  "Component-preload.js.map": 1712756830220,
  "view/View1.view.xml": 1712754576067,
  "view/App.view.xml": 1712754576067,
  "css/style.css": 1712754576063,
  "index.html": 1712754576051
}